{"mean": [-411.8945349867079, 110.25486878085137, 2.2401675421710014, 39.47449062236735, -9.23879717183664, 12.335104572965971, -13.403915183303774, 2.8523808052074036, -11.82192765497168, 0.8609155048582373, -3.0281536648243716, -4.246868903778493, 1.4728941253953978, -7.15389183123239, 2.1041642617639074, -7.914447388751646, 0.35762495486174317, -5.505124344253576, 0.11690944913484984, -2.4786584361894186, 98.84897734122806, 34.200460714552136, 31.434835153897602, 19.85751092942556, 20.49215509955088, 16.283430877102745, 14.918618817594316, 11.565917976379394, 11.863375771972867, 8.81711179330614, 8.462078443500731, 7.996825617419349, 7.612360779947704, 7.4913860045803915, 7.6348764323128595, 7.470854370594025, 7.680183016353183, 7.3137247086366015, 7.119809140549766, 7.167629641267989, 0.347724834545619, 0.3528437285423279, 0.3264195670435826, 0.32334078109636905, 0.35113980716880827, 0.3642503660346071, 0.3830298524937696, 0.3919645110492905, 0.42729349527176885, 0.49470281333393523, 0.48511394304451017, 0.37904024410868686, 1747.2922775765317], "scale": [86.10318771844295, 40.44564975893758, 15.26691460775821, 20.73909880621361, 9.426707177404774, 16.182861542647046, 6.894861089170105, 10.75210160452837, 4.817693308727057, 5.017594102703693, 4.850342715214184, 4.235014710008334, 5.276250551680764, 5.178456861294872, 4.872545480743722, 5.460281232544271, 4.3122430853974185, 5.7370110764820925, 3.930899914858523, 5.228228312307512, 44.57814511410279, 15.304778191913922, 10.602835689726575, 5.968976336825456, 6.731450080908789, 5.103866161155285, 4.0983653140981025, 4.060972962804546, 3.621209055934383, 2.7491518442553353, 2.8757522032935348, 2.782404655037849, 2.722916047330622, 2.6531662271664347, 2.799434416434154, 3.1953891969178154, 3.7912977273403077, 3.4274225796920086, 3.5521273019349184, 4.322106494284395, 0.08504256071568596, 0.08720453720372563, 0.08651217623639257, 0.09023488035249275, 0.09568288173387528, 0.10674476076270821, 0.10918959343020014, 0.09887605676746253, 0.09807995482621255, 0.12543997629459697, 0.13356629165642028, 0.096259333166202, 708.2194391234116]}